original_title,rule_based_label,llm_label,llm_major_group,llm_ssoc_code,llm_ssoc_occupation_title,llm_confidence,llm_votes,llm_reasoning,validation_status,prompt_version
CHEF,NONE,T,3,34341,Chef (excluding pastry chef),0.95,3,Chef is classified under Group 3 Associate Professionals and Technicians as per the candidate SSOC codes provided.,LLM_ONLY,v1.2
SR MKTG MGR,NONE,PME,1,12201,Sales and Marketing Manager,0.93,3,"SR MKTG MGR (Senior Marketing Manager) contains 'Manager' in title and represents a managerial role, placing it in Group 1 under Legislators, Senior Officials and Managers.",LLM_ONLY,v1.2
-,NA,NA,X,X0000,Not Applicable,1.0,3,"The occupation title is a dash/hyphen which indicates blank or unknown information, falling under NA category.",AGREE,v1.2
CHIEF TECHNOLOGY OFFICER,NONE,PME,1,13301,Chief information officer/Chief technology officer/Chief information security officer,1.0,3,Chief Technology Officer is explicitly listed under SSOC code 13301 and falls under Group 1 as a senior official/C-level executive position.,LLM_ONLY,v1.2
MECHANICAL TECHNICIAN,NONE,T,3,31151,Mechanical engineering technician,0.95,3,Mechanical Technician contains 'Technician' in title and directly matches the mechanical engineering technician role under Group 3.,LLM_ONLY,v1.2
ARCHITECT,NONE,PME,2,21610,Building architect,0.85,3,"Architect is a professional occupation requiring specialized qualifications and falls under Group 2 Professionals, with building architect being the most common architectural role.",LLM_ONLY,v1.2
RETIRED,NA,NA,X,X0000,Not Applicable,1.0,3,RETIRED is explicitly listed as a status that should be classified as NA according to the classification rules.,AGREE,v1.2
BUS DRIVER,RNF,RNF,8,83311,Bus driver,1.0,3,"Bus driver is explicitly classified under Group 8 as a plant and machine operator, with a direct match in the candidate SSOC codes.",AGREE,v1.2
GENERAL WORKER,NONE,RNF,9,96101,General waste collection/recycling/material recovery worker,0.75,3,"General worker is a non-specific labourer role that falls under Group 9 for general labourers and related workers, with waste collection being the closest match from available codes.",LLM_ONLY,v1.2
SECURITY GUARD,NONE,RNF,5,54144,Private security officer,0.98,3,"Security guard is a service worker role that falls under Group 5, matching the private security officer classification in the candidate list.",LLM_ONLY,v1.2
ASST STORE KEEPER,NONE,RNF,4,43212,Storekeeper,0.95,3,Assistant Storekeeper follows the base occupation 'Storekeeper' which is a clerical support role under Group 4.,LLM_ONLY,v1.2
PRESCHOOL TEACHER,NONE,T,3,36100,Preschool education teacher,1.0,3,"Preschool teachers are classified under Group 3 as Associate Professionals and Technicians, with a specific SSOC code 36100 for preschool education teachers.",LLM_ONLY,v1.2
MAINT FITTER,NONE,RNF,7,72390,Machinery mechanic/fitter/repairer n.e.c.,0.85,3,"Maintenance fitter is a craftsman role involving mechanical fitting and repair work, falling under Group 7 RNF category.",LLM_ONLY,v1.2
LOGISTIC SUPVR,NONE,PME,1,13241,Supply and distribution/Logistics/Warehousing manager,0.9,3,"LOGISTIC SUPVR (Logistics Supervisor) is a supervisory/managerial role in logistics operations, falling under Group 1 Managers as supervisors with managerial responsibilities.",LLM_ONLY,v1.2
STALL VENDOR,RNF,RNF,5,52110,Hawker/Stall holder (excluding prepared food and drinks),0.85,3,"Stall vendor is a sales worker operating a stall, classified under Group 5 Services and Sales Workers, with the general stall holder code used as the specific type of goods sold is not specified.",AGREE,v1.2
GRAPHIC DESIGNER,NONE,PME,2,21661,Graphic designer,1.0,3,Graphic designer is explicitly listed as a professional occupation under Group 2 and matches the candidate SSOC code 21661 exactly.,LLM_ONLY,v1.2
PASTOR,PME,PME,2,26361,Minister of religion,0.98,3,"Pastor is a religious leader and minister of religion, classified under Group 2 Professionals as it requires specialized theological knowledge and professional qualifications.",AGREE,v1.2
CIVIL ENGINEER,NONE,PME,2,21421,Civil engineer,1.0,3,"Civil Engineer is a professional occupation requiring specialized engineering qualifications and falls under Group 2 Professionals, with an exact match in the candidate SSOC codes.",LLM_ONLY,v1.2
MANICURIST,NONE,RNF,5,51422,Manicurist,1.0,3,"Manicurist is a personal service worker providing nail care services, classified under Group 5 Services and Sales Workers.",LLM_ONLY,v1.2
FINANACE ANALYST,NONE,PME,2,24131,Financial analyst,0.98,3,"Despite the misspelling of 'FINANACE', this clearly refers to a Financial Analyst which is a professional role under Group 2 requiring specialized financial knowledge and qualifications.",LLM_ONLY,v1.2
ENVIRONMENTAL ENGINEER,NONE,PME,2,21430,Environmental engineer,1.0,3,Environmental Engineer is explicitly listed as a professional occupation under Group 2 and matches the candidate SSOC code 21430 exactly.,LLM_ONLY,v1.2
ELECTRICIAN,NONE,RNF,7,74110,Electrician,1.0,3,Electrician is explicitly listed under Group 7 Craftsmen and Related Trades Workers and matches the provided candidate SSOC code 74110.,LLM_ONLY,v1.2
SR CUST SVC EXEC,NONE,T,3,33222,After sales adviser/Client account service executive,0.85,3,"Senior Customer Service Executive falls under Group 3 as a client account service executive role, which is an associate professional position handling customer service and account management.",LLM_ONLY,v1.2
ASST ACCTS MGR,NONE,PME,1,12201,Sales and Marketing Manager,0.85,3,"Assistant Accounts Manager contains 'Manager' in title and involves managerial responsibilities in accounts/finance, placing it in Group 1 Managers.",LLM_ONLY,v1.2
NW ENGR,NONE,PME,2,21600,"Architect, Engineer and Related Professional",0.85,3,NW ENGR (Network Engineer) contains 'ENGR' (Engineer) which defaults to PME Group 2 Professionals as per classification rules.,LLM_ONLY,v1.2
PRINCIPAL,NONE,PME,1,13491,Principal,0.867,3,"Principal is a senior management position in educational institutions, falling under Group 1 as a senior official responsible for overall school operations and leadership.",LLM_ONLY,v1.2
SNR SOFTWARE ENGR,NONE,PME,2,25121,Software developer,0.95,3,"Senior Software Engineer is a professional-level position requiring specialized knowledge in software development, and 'Senior' prefix follows the base occupation's classification as PME Group 2.",LLM_ONLY,v1.2
DECK OFFICER,NONE,T,3,31529,Ship's deck officer/pilot n.e.c.,0.9,3,"Deck officer refers to a ship's deck officer, which falls under Group 3 Associate Professionals and Technicians as a maritime technical role.",LLM_ONLY,v1.2
HAIRDRESSER,NONE,RNF,5,51411,Hair stylist/Hairdresser,1.0,3,Hairdresser is explicitly listed under Group 5 Services and Sales Workers and matches the candidate SSOC code 51411.,LLM_ONLY,v1.2
SYSTEMS ENGINEER,NONE,PME,2,21526,Embedded systems engineer,0.85,3,"Systems Engineer contains 'Engineer' in title and falls under Group 2 Professionals, with embedded systems engineer being the closest match from the candidate list for general systems engineering work.",LLM_ONLY,v1.2
PROCESS TECHNICIAN,NONE,T,3,31173,Process engineering technician,0.9,3,"Process Technician falls under Group 3 as technicians are explicitly classified as associate professionals, and the title directly matches the process engineering technician category.",LLM_ONLY,v1.2
INVESTMENT ANALYST,NONE,PME,2,24131,Financial analyst,0.97,3,Investment analyst is a professional role that analyzes financial investments and falls directly under financial analyst classification in Group 2 Professionals.,LLM_ONLY,v1.2
HVAC TECHNICIAN,NONE,T,3,31152,Air-conditioning/Refrigeration engineering technician,0.98,3,"HVAC (Heating, Ventilation, and Air Conditioning) technician directly corresponds to air-conditioning/refrigeration engineering technician under Group 3.",LLM_ONLY,v1.2
ELECTRICAL TECHNICIAN,NONE,T,3,31131,Electrical engineering technician,0.98,3,Electrical Technician directly matches the technician classification rule and corresponds to electrical engineering technician under Group 3.,LLM_ONLY,v1.2
BUILDING TECHNICIAN,NONE,T,3,31122,Building technician,1.0,3,"Building technician is explicitly listed in the candidate codes under Group 3 Associate Professionals and Technicians, and the title 'technician' indicates T classification by default.",LLM_ONLY,v1.2
HR EXEC,NONE,PME,2,24233,Personnel/Human resource officer,0.9,3,"HR EXEC (Human Resources Executive) is a professional-level HR role that falls under Group 2 Professionals, matching the personnel/human resource officer classification.",LLM_ONLY,v1.2
COMPLIANCE OFFICER,NONE,PME,2,24132,Compliance officer/Risk analyst (financial),0.9,3,"Compliance officer is a professional role requiring specialized knowledge and falls under Group 2 Professionals, with the candidate code 24132 being the most appropriate match.",LLM_ONLY,v1.2
MAINT TECH,NONE,T,3,31295,Airport maintenance technician,0.75,3,"MAINT TECH (Maintenance Technician) falls under Group 3 as technicians are classified as associate professionals, with airport maintenance technician being the closest match from available codes.",LLM_ONLY,v1.2
OFFICER,NONE,NA,X,X0000,Not Applicable,0.1,3,"The title 'OFFICER' is too generic without context to determine the specific occupation type, as it could refer to positions ranging from PME (HR Officer) to T (Immigration Officer) to RNF (Security Officer).",NEEDS_REVIEW,v1.2
STRATEGY CONSULTANT,NONE,PME,2,24211,Management consultant,0.92,3,"Strategy consultant is a specialized type of management consultant, providing professional advisory services on organizational strategy and falls under Group 2 Professionals.",LLM_ONLY,v1.2
HOUSEKEEPING ATTENDANT,NONE,RNF,9,91121,Housekeeping/Linen room attendant,0.98,3,"Housekeeping attendant directly matches the SSOC code 91121 for housekeeping/linen room attendant, classified under Group 9 cleaners and related workers.",LLM_ONLY,v1.2
CHEMICAL TECHNICIAN,NONE,T,3,31111,Chemistry technician,0.95,3,"Chemical technician is a technician-level role that falls under Group 3 Associate Professionals and Technicians, matching the chemistry technician classification.",LLM_ONLY,v1.2
AREA MANAGER,NONE,PME,1,11203,Chief operating officer/General manager,0.85,3,"Area Manager is a managerial position overseeing operations across a geographical area, falling under Group 1 as per the rule that 'Manager' in title defaults to PME Group 1, with General Manager being the closest match.",LLM_ONLY,v1.2
RECPTIONIST,NONE,RNF,4,42231,Receptionist,0.98,3,"Receptionist (misspelled as 'RECPTIONIST') is a clerical support role under Group 4, handling front desk and administrative duties.",LLM_ONLY,v1.2
OPERATOR,NONE,NA,X,X0000,Not Applicable,0.1,3,"The title 'OPERATOR' is too generic without context to determine the specific type of operation (machine, plant, computer, etc.) and therefore cannot be reliably classified into any specific occupational group.",NEEDS_REVIEW,v1.2
AUDITOR,NONE,PME,2,24112,Auditor (accounting),0.9,3,"Auditor is a professional occupation requiring specialized qualifications in accounting and auditing, falling under Group 2 Professionals.",LLM_ONLY,v1.2
DEVOPS ENGINEER,NONE,PME,2,25125,DevOps engineer,1.0,3,DevOps Engineer is explicitly listed in the candidate SSOC codes as a professional IT role under Group 2 Professionals.,LLM_ONLY,v1.2
BEAUTICIAN,NONE,RNF,5,51421,Beautician,1.0,3,"Beautician is a service worker role that falls under Group 5 Services and Sales Workers, with an exact match in the candidate SSOC codes.",LLM_ONLY,v1.2
DATA SCIENTIST,NONE,PME,2,21222,Data scientist,1.0,3,"Data scientist is explicitly listed as a professional occupation requiring advanced analytical and technical expertise, matching SSOC code 21222 exactly.",LLM_ONLY,v1.2
FOOD STALL ASSISTANT,NONE,RNF,9,94102,Food/Drink stall assistant,1.0,3,"Food stall assistant is a support role in food service operations, classified under Group 9 as it involves assisting with basic food preparation and service tasks.",LLM_ONLY,v1.2
SPEECH THERAPIST,NONE,PME,2,22662,Speech therapist,1.0,3,Speech therapist is a healthcare professional requiring specialized professional qualifications and is explicitly listed under Group 2 Professionals.,LLM_ONLY,v1.2
WELDER,NONE,RNF,7,72120,Welder/Flame cutter,1.0,3,Welder is a skilled trades occupation that falls under Group 7 Craftsmen and Related Trades Workers.,LLM_ONLY,v1.2
PHOTOGRAPHER,NONE,T,3,34310,Photographer,0.95,3,"Photographer is explicitly listed under Group 3 Associate Professionals and Technicians, and matches the candidate SSOC code 34310.",LLM_ONLY,v1.2
ASST MGR HR,NONE,PME,1,12121,Personnel/Human resource manager,0.94,3,"Assistant Manager HR is a managerial position in human resources, falling under Group 1 as managers are classified as PME by default.",LLM_ONLY,v1.2
CIVIL DEFENCE OFFICER,NONE,PME,1,13491,National security/Civil defence/Immigration managerial officer,0.9,3,"Civil Defence Officer is a managerial position within civil defence operations, falling under Group 1 as indicated by the candidate SSOC code 13491 for civil defence managerial officers.",LLM_ONLY,v1.2
CHEMIST,NONE,PME,2,21130,Chemist,1.0,3,"Chemist is a professional occupation requiring specialized scientific knowledge and qualifications, falling under Group 2 Professionals.",LLM_ONLY,v1.2
TRAINER,NONE,T,3,34221,Sports coach,0.4,3,"Without specific context, 'TRAINER' most commonly refers to sports/fitness trainers which fall under Group 3 Associate Professionals, though the generic title creates significant ambiguity.",NEEDS_REVIEW,v1.2
INSURANCE UNDERWRITER,NONE,PME,2,24160,Insurance underwriter,1.0,3,Insurance underwriter is explicitly listed as a professional occupation requiring specialized knowledge in risk assessment and insurance principles.,LLM_ONLY,v1.2
GRAB DRIVER,RNF,RNF,8,83226,Private-hire car driver,1.0,3,"Grab driver is a private-hire car driver, which falls under Group 8 as specified in the classification rules for drivers.",AGREE,v1.2
EXECUTIVE,NONE,T,3,33491,Management executive,0.7,3,"Generic 'Executive' title without further context is best classified as Management executive under Group 3, as executive roles typically fall under associate professional level unless specified as senior management or professional specialist roles.",NEEDS_REVIEW,v1.2
SR PROJECT MGR,NONE,PME,2,24213,Business/Financial project management professional,0.85,3,"Senior Project Manager is a professional-level role requiring specialized project management expertise, falling under Group 2 Professionals as a project management professional.",LLM_ONLY,v1.2
LECTURER,NONE,PME,2,23101,University lecturer,0.85,3,"Lecturer is a professional teaching position that falls under Group 2 Professionals, with university lecturer being the most common interpretation when institution type is unspecified.",LLM_ONLY,v1.2
DIRECTOR OF OPERATIONS,NONE,PME,1,11202,Company director,0.85,3,"Director of Operations is a senior management position with 'Director' in the title, falling under Group 1 as a senior official responsible for overseeing operational functions of an organization.",LLM_ONLY,v1.2
CONSULTANT,NONE,PME,2,24211,Management consultant,0.633,3,"Generic 'Consultant' title most commonly refers to management or business consulting roles which fall under Group 2 Professionals, though the lack of specialization reduces confidence.",NEEDS_REVIEW,v1.2
PROD SUPERVISOR,NONE,RNF,8,83000,Production supervisor,0.85,3,"Production supervisor oversees plant and machine operations/assembly workers, falling under Group 8 supervisory roles rather than managerial positions.",LLM_ONLY,v1.2
LOGISTICS CLERK,NONE,RNF,4,41109,General office clerk n.e.c.,0.85,3,"Logistics clerk is a clerical support role handling administrative tasks related to logistics operations, falling under Group 4 Clerical Support Workers.",LLM_ONLY,v1.2
TECH,NONE,NA,X,X0000,Not Applicable,0.483,3,"TECH is too ambiguous and could refer to various occupations from technician to technology professional, or could be an incomplete/internal code that cannot be reliably classified without additional context",NEEDS_REVIEW,v1.2
CHEMICAL ENGINEER,NONE,PME,2,21451,Chemical engineer (excluding petroleum and petrochemical),0.95,3,"Chemical Engineer is a professional occupation requiring specialized engineering qualifications and falls under Group 2 Professionals, with the general chemical engineer code used as no specific specialization is indicated.",LLM_ONLY,v1.2
BARTENDER,NONE,RNF,5,51321,Bartender/Mixologist,1.0,3,"Bartender is a service occupation that falls under Group 5 Services and Sales Workers, with an exact match in the candidate SSOC codes.",LLM_ONLY,v1.2
MARKETING MANAGER,NONE,PME,1,12222,Marketing manager,1.0,3,Marketing Manager is explicitly a managerial position under Group 1 and matches the candidate SSOC code 12222 exactly.,LLM_ONLY,v1.2
RECREATION OFFICER,NONE,T,3,34310,Recreation Officer,0.85,3,"Recreation Officer is an associate professional role that involves planning and coordinating recreational activities, falling under Group 3 Associate Professionals and Technicians.",LLM_ONLY,v1.2
RETAIL ASSISTANT,NONE,RNF,5,52202,Shop sales assistant,0.98,3,Retail assistant is a sales worker role that directly matches the Shop sales assistant classification under Group 5 Services and Sales Workers.,LLM_ONLY,v1.2
SHIP OFFICER,NONE,T,3,31521,Ship's deck navigating officer,0.85,3,"Ship officer typically refers to deck or navigating officers on ships, which falls under Group 3 Associate Professionals and Technicians unless specified as a senior rank like captain or chief mate.",LLM_ONLY,v1.2
MARINE OFFICER,NONE,T,3,31510,Marine engineering officer,0.75,3,"Marine Officer most likely refers to a ship's officer role which falls under Group 3 Associate Professionals and Technicians, with marine engineering officer being the closest match from the candidate codes.",LLM_ONLY,v1.2
PAINTER,NONE,RNF,7,71311,Building painter,0.75,3,"Without additional context, 'PAINTER' most commonly refers to a building/construction painter which falls under Group 7 craftsmen trades workers, though it could also refer to an artist (PME) or other specialized painter roles.",LLM_ONLY,v1.2
PHYSIOTHERAPY ASSISTANT,NONE,T,3,32559,Physiotherapy technician and related associate professional n.e.c.,0.9,3,"Physiotherapy Assistant follows the base occupation of physiotherapy technician, which falls under Group 3 Associate Professionals and Technicians as a healthcare support role.",LLM_ONLY,v1.2
LEADER,NONE,NA,X,X0000,Not Applicable,0.3,3,"The term 'LEADER' is too vague and generic without context to determine the specific occupational role, industry, or level of responsibility.",NEEDS_REVIEW,v1.2
COMMUNITY DEVELOPMENT OFFICER,NONE,PME,1,13492,Community partnership/relations manager,0.85,3,"Community Development Officer aligns with community partnership/relations management roles, which fall under Group 1 managerial positions involving community engagement and development.",LLM_ONLY,v1.2
TEACHER,NONE,PME,2,23400,Secondary school teacher,0.7,3,"Generic 'TEACHER' title most commonly refers to mainstream school teachers which are classified as Professionals under Group 2, defaulting to secondary school teacher as the most common category when level is unspecified.",NEEDS_REVIEW,v1.2
SPECIALIST,NONE,PME,2,22149,Specialist medical practitioner (other specialisation) n.e.c.,0.4,3,"The title 'SPECIALIST' is ambiguous but most commonly refers to medical specialists in Singapore context, though without additional context this classification has low confidence.",NEEDS_REVIEW,v1.2
RECEPTIONIST,NONE,RNF,4,42241,Receptionist (general),0.95,3,"Receptionist is a clerical support role under Group 4, handling front desk duties and customer service.",LLM_ONLY,v1.2
OPERTION MANAGER,NONE,PME,1,11203,Chief operating officer/General manager,0.85,3,Operation Manager (despite misspelling) contains 'Manager' in title and falls under Group 1 as a general management role overseeing operations.,LLM_ONLY,v1.2
EDUCATION OFFICER,NONE,PME,2,23619,Education methods specialist n.e.c.,0.85,3,"Education Officer is a professional role in the education sector, typically involving curriculum development, policy implementation, or educational program management, best classified under education methods specialists.",LLM_ONLY,v1.2
NIL,NA,NA,X,X0000,Not Applicable,1.0,3,"NIL indicates no occupation information provided, which falls under the NA category for blank/unknown entries.",AGREE,v1.2
ASST FINANCE MGR,NONE,PME,1,12111,Budgeting/Financial accounting manager,0.95,3,"Assistant Finance Manager contains 'Manager' in title and relates to financial management, placing it in Group 1 Managers per classification rules.",LLM_ONLY,v1.2
SECURITY MANAGER,NONE,PME,1,12194,Security manager,1.0,3,Security Manager is explicitly listed as a managerial position under Group 1 and has a direct matching SSOC code in the candidate list.,LLM_ONLY,v1.2
FIN ANALYST,NONE,PME,2,24131,Financial analyst,0.98,3,"FIN ANALYST is a clear abbreviation for Financial Analyst, which falls under Group 2 Professionals requiring professional-level financial analysis expertise.",LLM_ONLY,v1.2
CYBERSECURITY ENGINEER,NONE,PME,2,25121,Computer Security Specialist,0.98,3,"Cybersecurity Engineer is a professional IT role requiring specialized knowledge in information security, falling under Group 2 Professionals as an IT professional.",LLM_ONLY,v1.2
MANAGEMENT CONSULTANT,NONE,PME,2,24211,Management consultant,1.0,3,"Management consultant is a professional occupation requiring specialized knowledge in business strategy and organizational management, falling under Group 2 Professionals.",LLM_ONLY,v1.2
CSE,NONE,NA,X,X0000,Not Applicable,0.3,3,"CSE is an ambiguous acronym that could mean multiple things (Customer Service Executive, Computer Science Engineer, etc.) and cannot be reliably classified without additional context",NEEDS_REVIEW,v1.2
BILLING CLERK,NONE,RNF,4,43115,Billing clerk,1.0,3,"Billing clerk is explicitly listed in the candidate codes under Group 4 Clerical Support Workers, making this a direct match.",LLM_ONLY,v1.2
MOTOR VEHICLE MECHANIC,NONE,RNF,7,72310,Automotive mechanic,0.98,3,Motor vehicle mechanic is a craftsman role that falls under Group 7 and directly matches the automotive mechanic SSOC code.,LLM_ONLY,v1.2
PROPERTY EXECUTIVE,NONE,T,3,33229,Commercial/Marketing sales executive n.e.c.,0.75,3,"Property Executive is an associate professional role involving business development and client relations in the property sector, falling under Group 3 as it does not require professional-level qualifications like property managers or real estate professionals.",LLM_ONLY,v1.2
PORTFOLIO MANAGER,NONE,PME,2,24133,Fund/Portfolio manager,0.98,3,"Portfolio Manager is a professional role requiring specialized knowledge in investment management and financial analysis, directly matching the Fund/Portfolio manager SSOC code.",LLM_ONLY,v1.2
CARTOGRAPHIC TECHNICIAN,NONE,T,3,31123,Land surveying technician,0.85,3,"Cartographic technician involves mapping and surveying work, which aligns closely with land surveying technicians under Group 3 Associate Professionals and Technicians.",LLM_ONLY,v1.2
QUANTITY SURVEYOR,NONE,PME,2,21494,Quantity surveyor,1.0,3,Quantity surveyor is a professional occupation requiring specialized knowledge in construction cost management and falls under Group 2 Professionals.,LLM_ONLY,v1.2
OCCUPATIONAL THERAPIST,NONE,PME,2,22680,Occupational therapist,1.0,3,Occupational therapist is a healthcare professional requiring professional-level qualifications and is explicitly listed in the candidate codes under Group 2 Professionals.,LLM_ONLY,v1.2
RESEARCH SCIENTIST,NONE,PME,2,21332,Environment research scientist,0.85,3,"Research scientist is a professional-level occupation requiring advanced scientific knowledge and qualifications, falling under Group 2 Professionals.",LLM_ONLY,v1.2
TCM PHYSICIAN,NONE,PME,2,22110,General practitioner/Physician,0.85,3,TCM (Traditional Chinese Medicine) Physician is a medical professional requiring professional-level qualifications and falls under the physician category in Group 2 Professionals.,LLM_ONLY,v1.2
DENTIST,NONE,PME,2,22611,General dental practitioner,0.95,3,"Dentist is a healthcare professional requiring professional qualifications and falls under Group 2 Professionals, classified as a general dental practitioner.",LLM_ONLY,v1.2
CARPENTER,NONE,RNF,7,71151,Carpenter,1.0,3,Carpenter is explicitly listed under Group 7 Craftsmen and Related Trades Workers and matches the provided candidate SSOC code.,LLM_ONLY,v1.2
MACHINE OPERATOR,NONE,RNF,8,81830,Packing/Bottling/Labelling machine operator,0.717,3,"Generic machine operator title falls under Group 8 Plant and Machine Operators, with packing/bottling/labelling being a common general machine operation role when specific machine type is not specified.",NEEDS_REVIEW,v1.2
MANAGER,NONE,PME,1,11203,Chief operating officer/General manager,0.75,3,"Generic 'Manager' title defaults to PME Group 1, assigned to General Manager as the most common broad managerial classification when no specific function is indicated",LLM_ONLY,v1.2
ENVIRONMENTAL HEALTH OFFICER,NONE,PME,2,22632,Environmental officer (public health),0.92,3,"Environmental Health Officer is a professional role focused on public health and environmental protection, matching the SSOC code for environmental officer in public health under Group 2 Professionals.",LLM_ONLY,v1.2
CRANE OPERATOR,NONE,RNF,8,83432,Crane operator (on-site),0.9,3,"Crane operator is a plant and machine operator role classified under Group 8 (RNF), with on-site crane operation being the most common interpretation.",LLM_ONLY,v1.2
QA ENGR,NONE,PME,2,21490,Quality Assurance Engineer,0.92,3,"QA ENGR (Quality Assurance Engineer) contains 'Engineer' in title and represents a professional-level role requiring specialized technical knowledge, placing it in Group 2 Professionals.",LLM_ONLY,v1.2
DATA ENTRY CLERK,NONE,RNF,4,41320,Data entry clerk,1.0,3,Data entry clerk is explicitly listed under Group 4 Clerical Support Workers and matches the candidate SSOC code 41320 exactly.,LLM_ONLY,v1.2
RADIOGRAPHER,NONE,PME,2,22693,Diagnostic radiographer,0.95,3,"Radiographer is a healthcare professional requiring specialized qualifications and falls under Group 2 Professionals, matching the candidate code for diagnostic radiographer.",LLM_ONLY,v1.2
IT SUPPORT ANALYST,NONE,T,3,35123,IT support technician,0.85,3,"IT Support Analyst is classified as a technician-level role under Group 3, providing technical support rather than professional-level IT services.",LLM_ONLY,v1.2
ANALYST,NONE,PME,2,21231,Statistical officer/Data analyst,0.65,3,"Generic 'Analyst' title most commonly refers to data or business analysis roles which fall under Group 2 Professionals, though the broad title creates some uncertainty.",NEEDS_REVIEW,v1.2
INTERIOR DESIGNER,NONE,T,3,34321,Interior designer,1.0,3,Interior designer is explicitly listed under SSOC code 34321 in Group 3 Associate Professionals and Technicians.,LLM_ONLY,v1.2
SOUND TECHNICIAN,NONE,T,3,35215,Sound engineering technician,0.95,3,"Sound technician with 'technician' in title falls under Group 3 Associate Professionals and Technicians, matching the sound engineering technician classification.",LLM_ONLY,v1.2
FINANCIAL ANALYST,NONE,PME,2,24131,Financial analyst,1.0,3,Financial analyst is a professional occupation requiring specialized knowledge in finance and directly matches the candidate SSOC code 24131.,LLM_ONLY,v1.2
DELIVERY DRIVER,NONE,RNF,8,83229,Car/Taxi/Van/Light goods vehicle driver n.e.c.,0.85,3,"Delivery driver falls under Group 8 as a vehicle operator, classified as car/van driver n.e.c. since the specific vehicle type is not specified.",LLM_ONLY,v1.2
OPERATIONS MANAGER,NA,PME,1,13299,Other production/operations manager n.e.c.,0.85,3,"Operations Manager falls under Group 1 as per the rule that 'Manager' in title defaults to PME Group 1, and 13299 covers general operations managers not elsewhere classified.",DISAGREE,v1.2
SOCIAL WORKER,NONE,PME,2,26621,Social worker (general),0.98,3,Social worker is a professional occupation requiring specialized qualifications and falls under Group 2 Professionals.,LLM_ONLY,v1.2
CLERCIAL OFFICER,NONE,RNF,4,41000,General Clerks,0.85,3,CLERCIAL OFFICER appears to be a misspelling of 'Clerical Officer' which falls under Group 4 Clerical Support Workers as administrative/clerical staff.,LLM_ONLY,v1.2
MEDICAL LAB TECHNICIAN,NONE,T,3,32120,Medical/Pathology laboratory technician,0.98,3,"Medical lab technician is explicitly a technician role that falls under Group 3 Associate Professionals and Technicians, matching the candidate code for medical/pathology laboratory technician.",LLM_ONLY,v1.2
TECHNOLOGIST,NONE,PME,2,21499,Other engineering professional n.e.c.,0.6,3,"Technologist typically refers to a professional-level occupation requiring specialized knowledge, though the specific field is unspecified, making this a general professional classification.",NEEDS_REVIEW,v1.2
TELECOMMUNICATIONS TECHNICIAN,NONE,T,3,35220,Telecommunications engineering technician,0.98,3,Telecommunications Technician directly matches the technician classification rule and corresponds to the telecommunications engineering technician SSOC code in Group 3.,LLM_ONLY,v1.2
CALL CENTRE AGENT,NONE,RNF,4,42246,Contact centre information clerk,0.98,3,"Call centre agents are clerical support workers who handle customer inquiries and information, falling under Group 4 RNF category.",LLM_ONLY,v1.2
PRINTING OPERATOR,NONE,RNF,8,81841,Printing machine operator,0.98,3,Printing operator directly matches the printing machine operator role under Group 8 Plant and Machine Operators and Assemblers.,LLM_ONLY,v1.2
DOMESTIC HELPER,NONE,RNF,9,91300,Domestic helper/cleaner,1.0,3,"Domestic helper is explicitly listed under Group 9 (Cleaners, Labourers and Related Workers) and matches the candidate SSOC code 91300 exactly.",LLM_ONLY,v1.2
SUPERVISOR,NONE,RNF,4,40000,Office supervisor,0.6,3,"Generic 'SUPERVISOR' title without context defaults to office supervisor as the most common supervisory role, which falls under RNF Group 4 clerical support workers.",NEEDS_REVIEW,v1.2
HEAD OF MARKETING,NONE,PME,1,12222,Marketing manager,0.98,3,"HEAD OF MARKETING is a senior management position overseeing the marketing function, falling under Group 1 Managers, with the most appropriate code being Marketing manager.",LLM_ONLY,v1.2
DENTAL TECHNICIAN,NONE,T,3,32143,Dental technician,1.0,3,Dental technician is explicitly listed as a technician role under Group 3 and matches the candidate SSOC code 32143 exactly.,LLM_ONLY,v1.2
REAL ESTATE AGENT,NONE,T,3,33340,Real estate agent,1.0,3,Real estate agent is explicitly listed under Group 3 Associate Professionals and Technicians with the exact matching SSOC code 33340.,LLM_ONLY,v1.2
CUSTOMER SERVICE OFFICER,NONE,RNF,4,42245,Customer service officer/clerk,0.98,3,"Customer Service Officer is a clerical support role under Group 4, matching the exact candidate SSOC code 42245.",LLM_ONLY,v1.2
SURVEY TECHNICIAN,NONE,T,3,31123,Land surveying technician,0.92,3,"Survey technician with 'technician' in title falls under Group 3, and land surveying technician is the most appropriate match from the candidate codes for survey-related technical work.",LLM_ONLY,v1.2
SNR TECHNICIAN,NONE,T,3,31119,Chemical/Physical science technician n.e.c.,0.75,3,"Senior Technician follows the base occupation 'Technician' which falls under Group 3, using the n.e.c. code as the specific technical field is not specified.",LLM_ONLY,v1.2
TRUCK DRIVER,RNF,RNF,8,83329,Heavy truck/Lorry driver n.e.c.,0.95,3,"Truck driver falls under Group 8 as a plant and machine operator, classified as heavy truck/lorry driver not elsewhere classified.",AGREE,v1.2
BUTCHER,NONE,RNF,7,75110,Butcher/Fishmonger and related food preparer,0.98,3,"Butcher is a craftsman occupation involving skilled manual work in food preparation, falling under Group 7 Craftsmen and Related Trades Workers.",LLM_ONLY,v1.2
ECONOMIST,NONE,PME,2,26310,Economist,1.0,3,Economist is a professional occupation requiring specialized knowledge in economics and falls under Group 2 Professionals.,LLM_ONLY,v1.2
FUND MANAGER,NONE,PME,2,24133,Fund/Portfolio manager,1.0,3,"Fund Manager directly matches the SSOC code 24133 for Fund/Portfolio manager, which is classified as a professional role requiring specialized financial expertise.",LLM_ONLY,v1.2
IT MANAGER,NONE,PME,1,13304,ICT service manager,0.95,3,"IT Manager falls under Group 1 as managers are classified as PME by default, and ICT service manager is the most appropriate match for IT management roles.",LLM_ONLY,v1.2
SOFTWARE ENGINEER,NONE,PME,2,25121,Software developer,0.95,3,"Software Engineer falls under Group 2 Professionals as per the rule that 'Engineer' in title defaults to PME, and software engineering requires professional-level technical knowledge and qualifications.",LLM_ONLY,v1.2
ADMIN CLERK,NONE,RNF,4,41109,General office clerk n.e.c.,0.95,3,"Admin clerk is a clerical support role that falls under Group 4, matching the general office clerk classification for administrative clerical work.",LLM_ONLY,v1.2
QA TECHNICIAN,NONE,T,3,31173,Process engineering technician,0.75,3,"QA Technician falls under Group 3 as technicians are classified in this group, with process engineering technician being the closest match for quality assurance technical work.",LLM_ONLY,v1.2
VICE PRESIDENT OF SALES,NONE,PME,1,12213,Regional sales manager,0.92,3,"Vice President of Sales is a senior management position overseeing sales operations, falling under Group 1 as a senior official/manager, with Regional sales manager being the closest match from the candidate codes.",LLM_ONLY,v1.2
MAINTENANCE TECHNICIAN,NONE,T,3,31295,Airport maintenance technician,0.75,3,"Maintenance technician falls under Group 3 as technicians are classified as associate professionals, with airport maintenance technician being the closest general maintenance technician code available.",LLM_ONLY,v1.2
ACCOUNTS CLERK,NONE,RNF,4,43119,Accounting/Bookkeeping clerk n.e.c.,0.98,3,"Accounts clerk is a clerical support role under Group 4, handling accounting and bookkeeping tasks at a non-professional level.",LLM_ONLY,v1.2
ENGINEER,NONE,PME,2,21411,Manufacturing engineer,0.6,3,"Generic 'Engineer' title defaults to PME Group 2 as per classification rules, with manufacturing engineer selected as a representative engineering occupation due to lack of specific engineering discipline information.",NEEDS_REVIEW,v1.2
VEHICAL INSPECTOR,NONE,T,3,31720,Safety inspector (vehicles/processes/products),0.9,3,"Vehicle inspector (despite misspelling) is a safety inspection role for vehicles, falling under Group 3 Associate Professionals and Technicians.",LLM_ONLY,v1.2
OPS EXEC,NONE,T,3,33229,Commercial/Marketing sales executive n.e.c.,0.65,3,"OPS EXEC (Operations Executive) is an executive-level position that falls under Group 3 Associate Professionals, with 33229 being the closest match for general executive roles not elsewhere classified.",NEEDS_REVIEW,v1.2
CASHIER,NONE,RNF,5,52302,Cashier (general),0.98,3,Cashier is a service and sales occupation that falls under Group 5 Services and Sales Workers as it involves handling customer transactions in retail or service settings.,LLM_ONLY,v1.2
MECHNICAL ENGINEER,NONE,PME,2,21441,Mechanical engineer,0.98,3,"Despite the misspelling of 'MECHNICAL', this clearly refers to a Mechanical Engineer which falls under Group 2 Professionals as it requires professional engineering qualifications.",LLM_ONLY,v1.2
MECHANICAL ENGINEER,NONE,PME,2,21441,Mechanical engineer,1.0,3,"Mechanical Engineer is a professional occupation requiring specialized engineering knowledge and qualifications, directly matching the candidate SSOC code 21441.",LLM_ONLY,v1.2
REGISTERED NURSE,NONE,PME,2,22200,Registered nurse and related nursing professional (excluding enrolled nurse),1.0,3,"Registered nurses are healthcare professionals requiring professional qualifications and registration, falling under Group 2 Professionals.",LLM_ONLY,v1.2
STORE KEEPER,NONE,RNF,4,43212,Storekeeper,1.0,3,"Store keeper is a clerical support role responsible for managing inventory and stock records, falling under Group 4.",LLM_ONLY,v1.2
SOLUTION ARCHITECT,NONE,PME,2,25113,Enterprise/Solution/Software architect,1.0,3,Solution Architect is explicitly listed in the candidate codes as an ICT professional role under Group 2 Professionals.,LLM_ONLY,v1.2
TECHNCIAN,NONE,T,3,31100,Physical and Engineering Science Technicians,0.85,3,The title 'TECHNCIAN' (misspelled 'TECHNICIAN') falls under Group 3 as technicians are classified as Associate Professionals and Technicians by default.,LLM_ONLY,v1.2
PROFESSOR,NONE,PME,2,23103,Teaching assistant/Tutor in university,0.85,3,"Professor is a professional-level teaching position in higher education, falling under Group 2 Professionals as it requires advanced academic qualifications and expertise.",LLM_ONLY,v1.2
HAIRSTYLIST,NONE,RNF,5,51412,Hairdresser,0.98,3,"Hairstylist is a service worker role that falls under Group 5 Services and Sales Workers, specifically classified as a hairdresser.",LLM_ONLY,v1.2
DEALER,NONE,RNF,5,51702,Bookmaker/Croupier/Casino dealer and related gaming worker,0.6,3,"Without additional context, 'DEALER' most commonly refers to casino/gaming dealers in Singapore's occupational context, which falls under Group 5 Services and Sales Workers, though it could also refer to financial dealers which would be PME.",NEEDS_REVIEW,v1.2
ASST ADMIN OFFICER,NONE,RNF,4,41101,General office clerk,0.85,3,Assistant Admin Officer is a clerical support role following the base occupation 'Admin Officer' which falls under Group 4 Clerical Support Workers as administrative support staff.,LLM_ONLY,v1.2
CHILDCARE TEACHER,NONE,T,3,36100,Preschool education teacher,0.94,3,Childcare teachers are classified under preschool education teachers in Group 3 as they provide early childhood education and care services.,LLM_ONLY,v1.2
AIRCRAFT TECHNICIAN,NONE,T,3,31211,Aeronautical engineering technician,0.95,3,"Aircraft technician falls under Group 3 as technicians are classified as associate professionals, and aeronautical engineering technician is the most appropriate match for aircraft maintenance and technical work.",LLM_ONLY,v1.2
POSTMAN,NONE,RNF,4,44122,Postman,1.0,3,Postman is a clerical support role involving mail delivery and falls under Group 4 as specified in the candidate SSOC codes.,LLM_ONLY,v1.2
PAYROLL CLERK,NONE,RNF,4,43119,Accounting/Bookkeeping clerk n.e.c.,0.95,3,"Payroll clerk is a clerical support role handling accounting and bookkeeping tasks related to employee compensation, falling under Group 4 Clerical Support Workers.",LLM_ONLY,v1.2
PRIVATE HIRE DRIVER,RNF,RNF,8,83226,Private-hire car driver,1.0,3,"Private hire driver is explicitly classified under Group 8 as a plant and machine operator, matching the candidate SSOC code 83226.",AGREE,v1.2
PSYCHOLOGIST,NONE,PME,2,26619,Psychologist n.e.c.,0.9,3,"Psychologist is a professional occupation requiring advanced qualifications and falls under Group 2 Professionals, with the general n.e.c. code used when no specific specialization is indicated.",LLM_ONLY,v1.2
PRODUCATION PACKER,NONE,RNF,9,93201,Hand packer,0.92,3,Production packer (despite misspelling) is a manual packing role that falls under Group 9 as a hand packer performing routine manual tasks.,LLM_ONLY,v1.2
DMS REP,NONE,NA,X,X0000,Not Applicable,0.3,3,"DMS REP is an unclear abbreviation that could mean various things (Document Management System Representative, Direct Marketing Sales Representative, etc.) and cannot be reliably classified without additional context.",NEEDS_REVIEW,v1.2
SR ACCTS ASST,NONE,RNF,4,41101,General Office Clerk,0.9,3,SR ACCTS ASST (Senior Accounts Assistant) is a clerical support role that follows the base occupation 'Accounts Assistant' which falls under Group 4 Clerical Support Workers.,LLM_ONLY,v1.2
RISK MANAGER,NONE,PME,1,12133,Risk management manager,0.98,3,"Risk Manager is a managerial position responsible for risk management operations, falling under Group 1 Managers with the specific SSOC code for risk management manager.",LLM_ONLY,v1.2
SHIPPING CLERK,NONE,RNF,4,43231,Shipping clerk,1.0,3,Shipping clerk is explicitly listed in the candidate codes as a clerical support role under Group 4.,LLM_ONLY,v1.2
LAWYER,NONE,PME,2,26119,Lawyer n.e.c.,0.95,3,"Lawyer is a professional occupation under Group 2 requiring specialized legal qualifications, and 26119 covers lawyers not elsewhere classified when specific practice type is not indicated.",LLM_ONLY,v1.2
ENGR ASST,NONE,T,3,31210,Engineering Technician,0.85,3,"ENGR ASST (Engineering Assistant) follows the base occupation 'Engineer' but as an assistant role, it falls under technician level support in Group 3 rather than professional engineering in Group 2.",LLM_ONLY,v1.2
FACILITY TECHNICIAN,NONE,T,3,31151,Mechanical engineering technician,0.75,3,"Facility Technician is a technician role responsible for building systems maintenance, most closely aligning with mechanical engineering technician among the available codes.",LLM_ONLY,v1.2
SYSTEMS ANALYST,NONE,PME,2,25111,Systems designer/analyst,1.0,3,Systems Analyst is a professional ICT role that directly matches the candidate SSOC code 25111 for systems designer/analyst under Group 2 Professionals.,LLM_ONLY,v1.2
TAXI DRIVER,RNF,RNF,8,83221,Taxi driver,1.0,3,Taxi driver is explicitly listed under Group 8 Plant and Machine Operators and Assemblers as a vehicle operator role.,AGREE,v1.2
SUPREVISOR,NONE,PME,1,13220,Manufacturing Supervisor,0.75,3,"SUPREVISOR appears to be a misspelling of 'Supervisor', which falls under Group 1 as supervisors are classified as managers overseeing operations and workers.",LLM_ONLY,v1.2
CANTEEN ASSISTANT,NONE,RNF,9,94131,Kitchen Helper,0.9,3,"Canteen assistant performs support duties in food service establishments, classified under Group 9 as kitchen helpers and related workers.",LLM_ONLY,v1.2
ASST ENGINEER,NONE,PME,2,21441,Mechanical engineer,0.75,3,"Assistant Engineer follows the base occupation 'Engineer' which defaults to PME Group 2, though specific engineering discipline cannot be determined so mechanical engineer is used as a general engineering classification.",LLM_ONLY,v1.2
INFANT CARE TEACHER,NONE,T,3,36100,Preschool education teacher,0.85,3,"Infant care teacher is classified under preschool education teacher as they work with young children in early childhood education settings, which falls under Group 3 Associate Professionals and Technicians.",LLM_ONLY,v1.2
PARALEGAL,NONE,T,3,34110,Legal associate professional,0.98,3,Paralegals are legal associate professionals who provide support to lawyers and fall under Group 3 Associate Professionals and Technicians.,LLM_ONLY,v1.2
ADMINSTRATOR,NONE,RNF,4,41101,General Office Clerk,0.817,3,"Administrator typically refers to administrative support roles that fall under clerical support workers, handling general office and administrative tasks.",LLM_ONLY,v1.2
SOCIAL SERVICE ASSOCIATE,NONE,T,3,34122,Social work associate,0.95,3,"Social Service Associate is an associate-level position in social services, falling under Group 3 as a social work associate professional.",LLM_ONLY,v1.2
BIOLOGIST,NONE,PME,2,21311,Biologist,1.0,3,"Biologist is a professional occupation requiring specialized scientific knowledge and qualifications, falling under Group 2 Professionals.",LLM_ONLY,v1.2
QC INSPECTOR,NONE,T,3,31720,Safety inspector (vehicles/processes/products),0.85,3,"QC (Quality Control) Inspector performs inspection work on products/processes, which falls under Group 3 Associate Professionals and Technicians as a safety/quality inspector role.",LLM_ONLY,v1.2
STATISTICIAN,NONE,PME,2,21221,Statistician,1.0,3,"Statistician is a professional occupation requiring specialized knowledge in statistical methods and analysis, falling under Group 2 Professionals.",LLM_ONLY,v1.2
PILOT,NONE,PME,2,21721,Commercial airline pilot,0.85,3,"Pilot without further specification most commonly refers to commercial airline pilots, which falls under Group 2 Professionals requiring specialized professional qualifications and training.",LLM_ONLY,v1.2
WAITRESS,NONE,RNF,5,51201,Waiter,0.98,3,Waitress falls under Group 5 Services and Sales Workers as explicitly listed in the classification guidelines for food service occupations.,LLM_ONLY,v1.2
HOMEMAKER,NA,NA,X,X0000,Not Applicable,1.0,3,Homemaker is explicitly listed as a category that should be classified as NA (Not Applicable) as it does not represent paid employment.,AGREE,v1.2
IMMIGRATION OFFICER,NONE,T,3,33510,Customs/Immigration officer,0.98,3,Immigration officer is explicitly listed under Group 3 Associate Professionals and Technicians with the specific SSOC code 33510 for Customs/Immigration officer.,LLM_ONLY,v1.2
HEALTHCARE ASSISTANT,NONE,RNF,5,53201,Healthcare assistant,1.0,3,Healthcare assistant is explicitly listed in the candidate codes as 53201 under RNF Group 5 Services and Sales Workers.,LLM_ONLY,v1.2
MARKETTING MANAGER,NONE,PME,1,12199,Marketing Manager,0.97,3,"Marketing Manager falls under Group 1 as managers are classified as PME by default, despite the misspelling of 'marketing'.",LLM_ONLY,v1.2
MASSEUR,NONE,RNF,5,51491,Masseur (non-medical),0.9,3,Masseur without medical qualification falls under Group 5 Services and Sales Workers as a personal service occupation.,LLM_ONLY,v1.2
COOK,NONE,RNF,5,51201,Cook,0.98,3,"Cook is a service occupation classified under Group 5 Services and Sales Workers, matching the exact candidate SSOC code provided.",LLM_ONLY,v1.2
QUALITY CONTROL TECHNICIAN,NONE,T,3,31175,Quality assurance technician,0.95,3,"Quality control technician falls under Group 3 as a technician role, with code 31175 being the closest match for quality assurance/control technician work.",LLM_ONLY,v1.2
PROCUREMENT MANAGER,NONE,PME,1,13242,Procurement/Purchasing manager,1.0,3,Procurement Manager is explicitly listed as a managerial position under Group 1 and matches the candidate SSOC code 13242 exactly.,LLM_ONLY,v1.2
IT SUPP ANALYST,NONE,PME,2,25112,ICT business process consultant/business analyst,0.85,3,"IT Support Analyst is an analyst role in ICT requiring professional-level knowledge, falling under Group 2 Professionals rather than Group 3 technicians.",LLM_ONLY,v1.2
ADVISOR,NONE,PME,2,24121,Financial/Investment adviser,0.65,3,"ADVISOR is a generic professional title that most commonly refers to financial/investment advisers or business consultants, which fall under Group 2 Professionals requiring specialized knowledge.",NEEDS_REVIEW,v1.2
HEALTH PROMOTION OFFICER,NONE,PME,2,22632,Environmental officer (public health),0.85,3,"Health promotion officer is a professional role focused on public health initiatives and falls under Group 2 Professionals, with the closest match being environmental officer (public health) which covers public health professional roles.",LLM_ONLY,v1.2
NETWORK TECHNICIAN,NONE,T,3,31141,Electronics engineering technician,0.85,3,"Network technician falls under Group 3 as technicians are explicitly classified in this group, and network technicians work with electronic communications equipment similar to electronics engineering technicians.",LLM_ONLY,v1.2
CONFINEMENT LADY,RNF,RNF,5,53112,Confinement nanny,0.98,3,"Confinement lady is synonymous with confinement nanny, providing postnatal care services, classified under Group 5 Services and Sales Workers.",AGREE,v1.2
SALES MANAGER,NONE,PME,1,12211,Sales manager,1.0,3,"Sales Manager is a managerial position that falls under Group 1 as per the rule that 'Manager' in title defaults to PME Group 1, and matches the candidate SSOC code 12211 exactly.",LLM_ONLY,v1.2
BUSINESS ANALYST,NONE,PME,2,25112,ICT business process consultant/business analyst,0.95,3,"Business Analyst is a professional role requiring analytical and problem-solving expertise, matching the ICT business process consultant/business analyst classification under Group 2 Professionals.",LLM_ONLY,v1.2
ASSISTANT DIRECTOR,NONE,PME,1,11202,Company director,0.75,3,"Assistant Director follows the base occupation 'Director' which falls under Group 1 management roles, though the specific context (company/film/government) affects the exact code.",LLM_ONLY,v1.2
SNR HR OFFICER,NONE,PME,2,24233,Personnel/Human resource officer,0.96,3,"Senior HR Officer is a human resource professional role that falls under Group 2 Professionals, with 'Senior' prefix following the base occupation's classification.",LLM_ONLY,v1.2
BIOMEDICAL ENGINEER,NONE,PME,2,21491,Biomedical engineer,1.0,3,"Biomedical engineer is explicitly listed as a professional occupation under Group 2, with an exact match in the candidate SSOC codes.",LLM_ONLY,v1.2
MISSIONARY,PME,PME,2,26369,Religious professional n.e.c.,0.92,3,"Missionary is a religious professional role requiring specialized knowledge and training, falling under Group 2 Professionals as religious professionals not elsewhere classified.",AGREE,v1.2
COORDINATOR,NONE,T,3,31412,Clinical research coordinator,0.4,3,"Generic 'Coordinator' title without context is ambiguous, but coordinators typically fall under Group 3 as associate professionals, selecting clinical research coordinator as a representative example from available codes.",NEEDS_REVIEW,v1.2
CLEANER,NONE,RNF,9,91131,Office/Commercial/Industrial establishment indoor cleaner,0.75,3,"Generic 'CLEANER' title falls under Group 9 as a cleaner occupation, with office/commercial indoor cleaner selected as the most common general cleaner category.",LLM_ONLY,v1.2
NURSING AIDE,NONE,RNF,5,53202,Nursing aide/assistant,1.0,3,Nursing aide is explicitly listed in the candidate codes under Group 5 Services and Sales Workers as a support role in healthcare.,LLM_ONLY,v1.2
WAITER,NONE,RNF,5,51312,Waiter,1.0,3,Waiter is explicitly listed under Group 5 Services and Sales Workers and matches the candidate SSOC code 51312 exactly.,LLM_ONLY,v1.2
CUSTOMS OFFICER,NONE,T,3,33510,Customs/Immigration officer,0.98,3,Customs Officer is explicitly listed in the candidate codes under Group 3 Associate Professionals and Technicians as code 33510.,LLM_ONLY,v1.2
MARINE SUPERINTENDENT,NONE,PME,2,21714,Marine superintendent,1.0,3,Marine superintendent is an exact match in the candidate list and falls under Group 2 Professionals as a specialized maritime professional role.,LLM_ONLY,v1.2
SNR ACCTS EXEC,NONE,T,3,33222,After sales adviser/Client account service executive,0.85,3,"Senior Accounts Executive is an associate professional role handling client accounts and business support functions, falling under Group 3 despite the 'Senior' prefix which follows the base occupation classification.",LLM_ONLY,v1.2
ACOUNTS EXECUTIVE,NONE,T,3,33491,Management executive,0.85,3,"Accounts Executive (despite misspelling) is an associate professional role handling accounting-related tasks, falling under Group 3 as a management/business executive position.",LLM_ONLY,v1.2
AIR CONDITIONING TECHNICIAN,NONE,T,3,31152,Air-conditioning/Refrigeration engineering technician,0.98,3,"Title contains 'Technician' which maps to Group 3, and matches the specific SSOC code for air-conditioning technicians.",LLM_ONLY,v1.2
LEGAL EXECUTIVE,NONE,T,3,34110,Legal associate professional,0.9,3,"Legal Executive is a legal associate professional role under Group 3, requiring technical legal knowledge but not at the professional lawyer level.",LLM_ONLY,v1.2
SENIOR SOFTWARE ENGINEER,NONE,PME,2,25121,Software developer,0.98,3,"Senior Software Engineer is a professional-level position requiring specialized knowledge in software development, and 'Senior' prefix follows the base occupation's classification as PME Group 2.",LLM_ONLY,v1.2
MEDICAL SOCIAL WORKER,NONE,PME,2,26622,Medical social worker,1.0,3,"Medical social worker is a professional occupation requiring specialized qualifications in social work applied to healthcare settings, directly matching the candidate SSOC code 26622.",LLM_ONLY,v1.2
SNR EXEC OPS,NONE,T,3,33229,Commercial/Marketing sales executive n.e.c.,0.65,3,"Senior Executive Operations is an executive-level position which typically falls under Group 3 Associate Professionals, with the generic operations executive role best matching commercial/marketing sales executive category.",NEEDS_REVIEW,v1.2
DESIGNER,NONE,PME,2,21669,Graphic/Multimedia designer/artist n.e.c.,0.65,3,"Generic 'Designer' title most likely refers to a professional-level design role, classified under the catch-all category for designers not elsewhere classified due to lack of specificity.",NEEDS_REVIEW,v1.2
FORKLIFT OPERATOR,NONE,RNF,8,83440,Forklift Operator,0.98,3,"Forklift operators are classified under Group 8 as plant and machine operators, operating mobile equipment for material handling.",LLM_ONLY,v1.2
CHIEF FINANCIAL OFFICER,NONE,PME,1,12111,Budgeting/Financial accounting manager,0.98,3,"Chief Financial Officer is a senior executive position responsible for financial management and strategy, falling under Group 1 as a senior official and manager, with the closest match being financial accounting manager.",LLM_ONLY,v1.2
PLANNER,NONE,T,3,33461,Logistics/Production planner,0.6,3,"Without additional context, 'Planner' most likely refers to a logistics or production planner role, which falls under Group 3 Associate Professionals, though the generic title creates ambiguity.",NEEDS_REVIEW,v1.2
BARISTA,NONE,RNF,5,51322,Barista,1.0,3,"Barista is a service worker role in food and beverage service, classified under Group 5 Services and Sales Workers.",LLM_ONLY,v1.2
HAWKER,RNF,RNF,5,52120,Hawker/Stall holder (prepared food/drinks),0.85,3,"Hawker typically refers to a stall holder selling prepared food and drinks, which falls under Group 5 Services and Sales Workers.",AGREE,v1.2
AIR TRAFFIC CONTROLLER,NONE,T,3,31540,Air traffic controller,1.0,3,Air traffic controller is explicitly listed under Group 3 Associate Professionals and Technicians and has a direct matching SSOC code.,LLM_ONLY,v1.2
SUPPLY CHAIN MANAGER,NONE,PME,1,13241,Supply and distribution/Logistics/Warehousing manager,0.98,3,"Supply Chain Manager is a managerial position overseeing supply and distribution operations, directly matching the SSOC code 13241 for supply and distribution managers.",LLM_ONLY,v1.2
FACTORY WORKER,NONE,RNF,8,83210,Manufacturing labourer,0.85,3,Factory worker is a general production/manufacturing role that falls under Group 8 as plant and machine operators and assemblers in manufacturing settings.,LLM_ONLY,v1.2
ENGINEERING TECHNICIAN,NONE,T,3,31151,Mechanical engineering technician,0.75,3,"Engineering Technician falls under Group 3 as per the key classification rule that 'Technician' in title defaults to T, with mechanical engineering technician chosen as a representative general engineering technician code.",LLM_ONLY,v1.2
PROMOTER,NONE,RNF,5,52421,Sales demonstrator,0.95,3,"Promoter is a sales-related occupation that demonstrates and promotes products to customers, falling under Group 5 Services and Sales Workers.",LLM_ONLY,v1.2
PROGRAM MANAGER,NONE,PME,1,12112,Administration manager,0.85,3,"Program Manager is a managerial role that falls under Group 1 as it involves planning, directing and coordinating programs, with Administration manager being the closest match from the candidate list.",LLM_ONLY,v1.2
PHARMACY TECHNICIAN,NONE,T,3,32130,Pharmacy technician,1.0,3,"Pharmacy technician is explicitly listed under Group 3 Associate Professionals and Technicians, with an exact match in the candidate SSOC codes.",LLM_ONLY,v1.2
MEDICAL TECHNOLOGIST,NONE,PME,2,21454,Food/Drink technologist,0.75,3,"Medical technologist is a professional-level occupation requiring specialized scientific knowledge, though the exact match would be a medical/clinical laboratory scientist rather than food/drink technologist from the available candidates.",LLM_ONLY,v1.2
PEST CONTROL TECHNICIAN,NONE,T,3,31399,Other process control technician n.e.c.,0.75,3,"Pest control technician falls under Group 3 as a technician role requiring specialized technical knowledge, and fits best under other process control technicians not elsewhere classified.",LLM_ONLY,v1.2
POLICE OFFICER,NONE,RNF,5,54121,Police officer,1.0,3,Police officer is explicitly listed under Group 5 Services and Sales Workers and matches the candidate SSOC code 54121.,LLM_ONLY,v1.2
ACCOUNTANT,NONE,PME,2,24111,Accountant (excluding tax accountant),0.95,3,Accountant is a professional occupation requiring specialized qualifications and falls under Group 2 Professionals.,LLM_ONLY,v1.2
TRAIN OFFICER,NONE,T,3,31596,Train operations officer,0.94,3,"Train officer directly matches the candidate code 31596 for train operations officer, which falls under Group 3 Associate Professionals and Technicians.",LLM_ONLY,v1.2
PRODUCTION TECHNICIAN,NONE,T,3,31172,Production engineering technician,0.9,3,"Production technician falls under Group 3 as technicians are explicitly classified as associate professionals, and the title matches the production engineering technician role.",LLM_ONLY,v1.2
RETRENCHED,NA,NA,X,X0000,Not Applicable,1.0,3,"RETRENCHED indicates employment status (unemployed/resigned) rather than an occupation, which falls under NA category as per classification rules.",AGREE,v1.2
UX DESIGNER,NONE,PME,2,25124,Interaction designer,0.95,3,"UX Designer is a type of interaction designer, a professional role requiring specialized knowledge in user experience and interface design, falling under Group 2 Professionals.",LLM_ONLY,v1.2
PHYSIOTHERAPIST,NONE,PME,2,22640,Physiotherapist,1.0,3,Physiotherapist is a healthcare professional requiring professional-level qualifications and falls under Group 2 Professionals.,LLM_ONLY,v1.2
DOCTOR,NONE,PME,2,22124,Internal medicine physician,0.85,3,"Doctor is a medical professional falling under Group 2 Professionals, with internal medicine physician being the most general medical doctor classification available.",LLM_ONLY,v1.2
SCHOOL ATTENDANT,NONE,RNF,9,96259,Attendant n.e.c.,0.85,3,"School attendant is a support role involving general assistance duties in schools, falling under Group 9 attendants not elsewhere classified.",LLM_ONLY,v1.2
PATIENT CARE ASSISTANT,NONE,RNF,5,53201,Healthcare assistant,0.95,3,"Patient care assistant is a healthcare support role that provides basic care services, classified under Group 5 Services and Sales Workers as a healthcare assistant.",LLM_ONLY,v1.2
PRODUCT MANAGER,NONE,PME,2,25114,ICT product manager,0.85,3,"Product Manager is a professional role requiring strategic planning and product development expertise, most commonly associated with ICT/technology products in modern contexts.",LLM_ONLY,v1.2
KITCHEN ASSISTANT,NONE,RNF,9,94101,Kitchen assistant,1.0,3,Kitchen assistant is an exact match in the candidate list and falls under Group 9 as a support role requiring basic skills.,LLM_ONLY,v1.2
OPTOMETRIST,NONE,PME,2,22670,Optometrist,1.0,3,Optometrist is a healthcare professional requiring professional-level qualifications and falls under Group 2 Professionals.,LLM_ONLY,v1.2
CHIEF EXECUTIVE OFFICER,NONE,PME,1,11201,Managing director/Chief executive officer,1.0,3,"Chief Executive Officer is explicitly listed under Group 1 as a senior official and manager role, with a direct matching SSOC code available.",LLM_ONLY,v1.2
PRODUCTION WORKER,NONE,RNF,8,43222,Production planning clerk,0.6,3,"Production worker typically refers to assembly/manufacturing workers in Group 8, though the closest available candidate code is production planning clerk which is actually a clerical role in Group 4.",NEEDS_REVIEW,v1.2
PROD ENGR,NONE,PME,2,21412,Production engineer,0.94,3,"PROD ENGR is an abbreviation for Production Engineer, which falls under Group 2 Professionals as engineers require professional-level qualifications.",LLM_ONLY,v1.2
BUS CAPTAIN,RNF,RNF,8,83311,Bus driver,0.98,3,"Bus Captain is the occupational title used in Singapore for bus drivers, which falls under Group 8 as a plant and machine operator.",AGREE,v1.2
LABORATORY TECHNICIAN,NONE,T,3,32120,Medical/Pathology laboratory technician,0.85,3,"Laboratory technician falls under Group 3 as technicians are associate professionals, with medical/pathology laboratory technician being the most common laboratory technician role in the candidate list.",LLM_ONLY,v1.2
SPORTS COACH,NONE,T,3,34221,Sports coach,1.0,3,"Sports coach is explicitly listed under Group 3 Associate Professionals and Technicians, with an exact matching SSOC code provided in the candidate list.",LLM_ONLY,v1.2
ENGINNEERING ASST,NONE,T,3,31100,Physical and Engineering Science Technicians,0.85,3,"Engineering Assistant falls under Group 3 as it is a support role to engineers, classified as technician-level work rather than professional engineering.",LLM_ONLY,v1.2
PRODUCTION OPERATOR,NONE,RNF,8,83212,Production machine operator,0.85,3,"Production operator is a machine operator role that falls under Group 8 Plant and Machine Operators and Assemblers, performing routine production operations.",LLM_ONLY,v1.2
SHOP ASSISTANT,NONE,RNF,5,52202,Shop sales assistant,0.993,3,"Shop assistant is a retail sales position that falls under Group 5 Services and Sales Workers, matching the candidate code 52202 for shop sales assistant.",LLM_ONLY,v1.2
PRESS OPERATOR,NONE,RNF,8,81841,Printing machine operator,0.85,3,"Press operator most commonly refers to printing press operations, falling under Group 8 as a machine operator role.",LLM_ONLY,v1.2
TRAVEL CONSULTANT,NONE,RNF,4,42210,Travel consultant/reservation executive,0.98,3,"Travel consultant is explicitly listed in the candidate codes as SSOC 42210 under Group 4 Clerical Support Workers, making it RNF classification.",LLM_ONLY,v1.2
CREATIVE DIRECTOR,NONE,PME,2,26543,Artistic director (stage/film/television/commercial/video/radio),0.85,3,"Creative Director is a professional-level role involving artistic and creative direction, best matching the artistic director classification under Group 2 Professionals.",LLM_ONLY,v1.2
PHARMACIST,NONE,PME,2,22621,Pharmacist (patient care),0.95,3,Pharmacist is a professional occupation requiring specialized qualifications and falls under Group 2 Professionals.,LLM_ONLY,v1.2
SYS ADMIN,NONE,T,3,35121,IT infrastructure technician,0.85,3,"SYS ADMIN (Systems Administrator) is a technical support role managing IT infrastructure, classified under Group 3 Associate Professionals and Technicians rather than professional-level systems analysts or architects.",LLM_ONLY,v1.2
CLINICAL PSYCHOLOGIST,NONE,PME,2,26611,Clinical psychologist,1.0,3,Clinical psychologist is a professional occupation requiring advanced qualifications in psychology and directly matches the candidate SSOC code 26611.,LLM_ONLY,v1.2
PROJECT MANAGER,NONE,PME,1,24213,Business/Financial project management professional,0.85,3,"Project Manager is a management role that falls under PME, with the most appropriate match being business/financial project management professional from the candidate list.",LLM_ONLY,v1.2
DESPATCH RIDER,NONE,RNF,8,83214,Despatch Rider,0.98,3,"Despatch riders are motorcycle/vehicle operators who deliver goods and documents, falling under Group 8 as transport operators.",LLM_ONLY,v1.2
FOOD DELIVERY RIDER,RNF,RNF,8,83211,Motorcycle delivery worker,0.95,3,"Food delivery riders are classified as motorcycle delivery workers under Group 8, as they operate vehicles for delivery purposes.",AGREE,v1.2
PLUMBER,NONE,RNF,7,71261,Plumber,1.0,3,Plumber is a skilled trades occupation that falls under Group 7 Craftsmen and Related Trades Workers.,LLM_ONLY,v1.2
ACCOUNTING TECHNICIAN,NONE,T,3,33111,Accounting Technician,0.98,3,Accounting technician with 'technician' in title falls under Group 3 as an associate professional providing technical support in accounting functions.,LLM_ONLY,v1.2
OFFICE CLEANER,NONE,RNF,9,91131,Office/Commercial/Industrial establishment indoor cleaner,0.98,3,"Office cleaner falls under Group 9 as a cleaning occupation, specifically for office/commercial establishments indoor cleaning.",LLM_ONLY,v1.2
BRANCH MANAGER,NONE,PME,1,13461,Financial services manager,0.75,3,"Branch Manager with 'Manager' in title falls under Group 1 Managers, most commonly associated with financial services branches though could apply to other sectors.",LLM_ONLY,v1.2
HOUSEWIFE,NA,NA,X,X0000,Not Applicable,1.0,3,Housewife is classified as NA as it falls under homemaker category which is explicitly listed as Not Applicable in the classification rules,AGREE,v1.2
DIRECTOR,NONE,PME,1,11202,Company director,0.75,3,Director without context defaults to company director under Group 1 as per the rule that 'Manager' or director-level titles fall under PME management roles.,LLM_ONLY,v1.2
SECURITY OFFICER,NONE,RNF,5,54144,Private security officer,0.95,3,"Security officer is a service worker role classified under Group 5, matching the candidate code for private security officer.",LLM_ONLY,v1.2
DRIVING INSTRUCTOR,NONE,RNF,5,51950,Driving instructor/tester,1.0,3,Driving instructor directly matches SSOC code 51950 and falls under Group 5 Services and Sales Workers as a service-oriented instructional role.,LLM_ONLY,v1.2
SENIOR MANAGER,NONE,PME,1,11203,Chief operating officer/General manager,0.75,3,"Senior Manager falls under Group 1 as a managerial position, with General Manager being the closest match given the generic title without specific functional area.",LLM_ONLY,v1.2
ELECTRICAL ENGINEER,NONE,PME,2,21511,Electrical engineer,1.0,3,"Electrical Engineer is a professional occupation requiring specialized engineering qualifications and falls under Group 2 Professionals, with a direct match in the candidate SSOC codes.",LLM_ONLY,v1.2
RESIGNED,NA,NA,X,X0000,Not Applicable,1.0,3,RESIGNED indicates employment status rather than an occupation and falls under the NA category as specified in the classification rules.,AGREE,v1.2
LIFEGUARD,NONE,RNF,5,54150,Lifeguard,1.0,3,Lifeguard is explicitly listed in the candidate SSOC codes as 54150 under RNF Group 5 Services and Sales Workers.,LLM_ONLY,v1.2
INSPECTOR,NONE,T,3,33551,Police inspector,0.6,3,"Without context, 'Inspector' most commonly refers to police inspector which falls under Group 3 Associate Professionals and Technicians, though the generic title could refer to various inspector roles across different groups.",NEEDS_REVIEW,v1.2
DEPUTY DIRECTOR,NONE,PME,1,11121,Senior government official,0.85,3,"Deputy Director is a senior management position that falls under Group 1 as a senior official, most commonly associated with government or statutory board roles.",LLM_ONLY,v1.2
IT TECHNICIAN,NONE,T,3,35123,IT support technician,0.9,3,"IT Technician falls under Group 3 as technicians provide technical support and assistance, matching the IT support technician role.",LLM_ONLY,v1.2
FITNESS INSTRUCTOR,NONE,T,3,34223,Physical fitness instructor,0.98,3,"Fitness instructor is explicitly listed under Group 3 Associate Professionals and Technicians, with a direct match to the candidate SSOC code for physical fitness instructor.",LLM_ONLY,v1.2
MKTG EXEC,NONE,T,3,33229,Commercial/Marketing sales executive n.e.c.,0.85,3,"MKTG EXEC (Marketing Executive) falls under Group 3 as marketing executives are classified as associate professionals, not requiring the professional-level qualifications of digital marketing professionals.",LLM_ONLY,v1.2
LANDSCAPE WORKER,NONE,RNF,9,92142,Landscape worker,1.0,3,Landscape worker is an exact match in the candidate list and falls under Group 9 as a laborer performing landscape maintenance work.,LLM_ONLY,v1.2
TOURISM OFFICER,NONE,PME,2,24233,Personnel/Human resource officer,0.65,3,"Tourism Officer is a professional-level position requiring specialized knowledge in tourism management, though the exact SSOC code match is uncertain as tourism-specific codes are not in the candidate list, so using the closest officer-level professional code available.",NEEDS_REVIEW,v1.2
FLIGHT INSTRUCTOR,NONE,PME,2,21723,Flying instructor (excluding air force),0.98,3,Flight instructor is a professional-level occupation requiring specialized aviation qualifications and matches the candidate code for flying instructor.,LLM_ONLY,v1.2
FINANCE MANAGER,NONE,PME,1,12111,Budgeting/Financial accounting manager,0.98,3,Finance Manager contains 'Manager' in title and directly matches the budgeting/financial accounting manager role under Group 1 Managers.,LLM_ONLY,v1.2
REGIONAL MANAGER,NONE,PME,1,12213,Regional sales manager,0.85,3,"Regional Manager falls under Group 1 as a managerial position with regional scope, most closely matching regional sales manager from the available codes.",LLM_ONLY,v1.2
FIRE OFFICER,NONE,RNF,5,54110,Fire-fighting/Rescue officer,0.95,3,Fire Officer is a fire-fighting/rescue role classified under Group 5 Services and Sales Workers as per the candidate SSOC code 54110.,LLM_ONLY,v1.2
COORDINTOR,NONE,PME,1,13391,Programme Coordinator,0.733,3,"Coordinator roles typically involve planning, organizing and managing activities which falls under managerial/administrative functions in Group 1, though the misspelling creates some uncertainty about the exact role.",NEEDS_REVIEW,v1.2
MANAGING DIRECTOR,NONE,PME,1,11201,Managing director/Chief executive officer,1.0,3,Managing Director is explicitly listed under Group 1 as a senior management position and matches the candidate SSOC code 11201 exactly.,LLM_ONLY,v1.2
LEAD DATA SCIENTIST,NONE,PME,2,21222,Data scientist,0.98,3,"Lead Data Scientist is a senior-level data scientist role which falls under Group 2 Professionals, and 'Senior/Lead' prefix follows the base occupation's classification.",LLM_ONLY,v1.2
GENERAL MANAGER,NONE,PME,1,11203,Chief operating officer/General manager,1.0,3,General Manager is explicitly listed under Group 1 and matches the candidate SSOC code 11203 for General manager.,LLM_ONLY,v1.2
ASSOCIATE,NONE,T,3,33900,Business Services Agents and Trade Brokers and Related Associate Professionals Not Elsewhere Classified,0.4,2,"The title 'ASSOCIATE' without further context typically refers to associate professional roles in business or professional services, falling under Group 3, though the lack of specificity reduces confidence significantly.",NEEDS_REVIEW,v1.2
FISHMONGER,NONE,RNF,7,75110,Butcher/Fishmonger and related food preparer,1.0,3,Fishmonger directly matches the candidate SSOC code 75110 and falls under Group 7 Craftsmen and Related Trades Workers.,LLM_ONLY,v1.2
URBAN PLANNER,NONE,PME,2,21641,Urban planner,1.0,3,"Urban planner is a professional occupation requiring specialized knowledge in urban planning and development, falling under Group 2 Professionals.",LLM_ONLY,v1.2
INSURANCE AGENT,NONE,T,3,33211,Insurance sales agent/broker,0.95,3,Insurance agents are classified under Group 3 as associate professionals who sell insurance products and provide related advisory services.,LLM_ONLY,v1.2
VIDEOGRAPHER,NONE,T,3,35212,Video camera operator,0.9,3,"Videographer is a technical occupation involving video camera operation and falls under Group 3 Associate Professionals and Technicians, matching the candidate SSOC code 35212.",LLM_ONLY,v1.2
LOGISTICS MANAGER,NONE,PME,1,13241,Supply and distribution/Logistics/Warehousing manager,1.0,3,Logistics Manager is a managerial position that falls under Group 1 and directly matches the SSOC code for supply and distribution/logistics/warehousing manager.,LLM_ONLY,v1.2
HELPDESK ANALYST,NONE,T,3,35121,ICT Helpdesk/Support Technician,0.9,3,"Helpdesk analyst is an IT support role that falls under Group 3 Associate Professionals and Technicians, providing technical support rather than professional-level system design or development.",LLM_ONLY,v1.2
VETERINARIAN,NONE,PME,2,22500,Veterinarian,1.0,3,"Veterinarian is a professional occupation requiring specialized university-level qualifications in veterinary medicine, falling under Group 2 Professionals.",LLM_ONLY,v1.2
HUMAN RESOURCE MANAGER,NONE,PME,1,12121,Personnel/Human resource manager,1.0,3,"Human Resource Manager is a managerial position that falls under Group 1 as per the classification rules where 'Manager' in title defaults to PME Group 1, and matches exactly with the candidate SSOC code 12121.",LLM_ONLY,v1.2
